cliente_id;nombre;apellidos;email;telefono;pais
1;Lauren;Chen;lauren.chen@gmail.com;+90 018 313 428;TUR
2;Joseph;Ross;joseph.ross@gmail.com;+51 708 869 551;PER
3;Katie;Stephenson;katie.stephenson@gmail.com;+39 553 611 874;ITA
4;Taylor;Todd;taylor.todd@gmail.com;+421 413 443 593;SVK
5;Shelley;Lowe;shelley.lowe@gmail.com;+598 209 660 236;URY
6;Michael;Greene;michael.greene@gmail.com;+7 209 852 702;RUS
7;Joshua;Gordon;joshua.gordon@gmail.com;+351 841 675 755;PRT
8;Brian;Davis;brian.davis@gmail.com;+353 424 540 278;IRL
9;Katie;Baker;katie.baker@gmail.com;+351 226 750 382;PRT
10;Cynthia;Williams;cynthia.williams@gmail.com;+245 939 448 849;GNB
11;Emily;Mann;emily.mann@gmail.com;+51 974 289 420;PER
12;Michael;Cortez;michael.cortez@gmail.com;+597 013 079 057;SUR
13;Kristen;Coleman;kristen.coleman@gmail.com;+1 961 854 160;JAM
14;Elizabeth;Gonzalez;elizabeth.gonzalez@gmail.com;+7 869 236 151;KAZ
15;Jason;Farley ;jason.farley@gmail.com;+244 937 034 605;AGO
16;Jacob;Weaver;jacob.weaver@gmail.com;+48 302 078 057;POL
17;Stacey;Snow;stacey.snow@gmail.com;+351 105 004 449;PRT
18;Natasha;Walker;natasha.walker@gmail.com;+351 859 002 647;PRT
19;Erin;Brown;erin.brown@gmail.com;+86 813 733 195;CHN
20;Heather;Grimes;heather.grimes@gmail.com;+58 762 568 528;VEN
21;Denise;Jackson;denise.jackson@gmail.com;+351 117 661 324;PRT
22;Steven;Haney;steven.haney@gmail.com;+992 790 541 946;TJK
23;Elizabeth;Wang;elizabeth.wang@gmail.com;+380 620 856 068;UKR
24;Jacob;Gray;jacob.gray@gmail.com;+350 094 690 810;GIB
25;April;Estrada;april.estrada@gmail.com;+995 877 944 015;GEO
26;Andrea;Clay;andrea.clay@gmail.com;+66 304 346 675;THA
27;Anna;Gonzalez;anna.gonzalez@gmail.com;+351 981 925 465;PRT
28;Elizabeth;Holloway;elizabeth.holloway@gmail.com;+351 848 682 242;PRT
29;Donna;Davidson;donna.davidson@gmail.com;+357 310 333 023;CYP
30;Jennifer;Sutton;jennifer.sutton@gmail.com;+351 299 706 475;PRT
31;Tyler;Sanchez;tyler.sanchez@gmail.com;+351 522 563 966;PRT
32;Jessica;Peterson;jessica.peterson@gmail.com;+238 200 350 106;CPV
33;Lindsey;Blackwell;lindsey.blackwell@gmail.com;+258 285 404 882;MOZ
34;Andrea;Murray;andrea.murray@gmail.com;+86 243 033 470;CN
35;Ryan;Mills;ryan.mills@gmail.com;+351 922 992 475;PRT
36;Ashley;Price;ashley.price@gmail.com;+359 955 533 043;BGR
37;Amanda;Hahn;amanda.hahn@gmail.com;+351 233 901 097;PRT
38;Sarah;Sanchez;sarah.sanchez@gmail.com;+351 639 779 834;PRT
39;Patrick;Frazier;patrick.frazier@gmail.com;+1 457 293 103;PRI
40;Debbie;Jordan;debbie.jordan@gmail.com;+30 312 780 904;GRC
41;Nancy;Hanson;nancy.hanson@gmail.com;+355 569 015 053;ALB
42;David;Johnson;david.johnson@gmail.com;+49 242 126 795;DEU
43;Carol;Pineda;carol.pineda@gmail.com;+351 581 721 636;PRT
44;Erin;Mendoza;erin.mendoza@gmail.com;+961 992 148 351;LBN
45;Alexander;Wright;alexander.wright@gmail.com;+216 256 320 241;TUN
46;Jose;Butler MD;jose.butler md@gmail.com;+973 832 529 592;BHR
47;Stephen;Adams;stephen.adams@gmail.com;+370 819 595 207;LTU
48;Kevin;Powell;kevin.powell@gmail.com;+351 620 261 301;PRT
49;Sara;Hunter;sara.hunter@gmail.com;+27 396 467 798;ZAF
50;Ryan;Navarro;ryan.navarro@gmail.com;+1 218 146 090;PRI
51;Linda;Sparks;linda.sparks@gmail.com;+51 206 657 326;PER
52;Crystal;Reyes;crystal.reyes@gmail.com;+880 135 452 153;BGD
53;Kristen;Heath;kristen.heath@gmail.com;+39 266 428 779;ITA
54;James;Campbell;james.campbell@gmail.com;+1 087 106 861;DOM
55;Brian;Smith;brian.smith@gmail.com;+216 632 952 078;TUN
56;Gregory;Dean;gregory.dean@gmail.com;+351 752 983 265;PRT
57;Lisa;Ross;lisa.ross@gmail.com;+880 142 463 714;BGD
58;Jerry;Munoz;jerry.munoz@gmail.com;+255 933 133 074;TZA
59;Daniel;Gonzalez;daniel.gonzalez@gmail.com;+598 656 043 654;URY
60;Patricia;Tapia;patricia.tapia@gmail.com;+351 562 106 912;PRT
61;Meredith;Beck;meredith.beck@gmail.com;+853 669 161 276;MAC
62;Dalton;Boyd;dalton.boyd@gmail.com;+31 913 664 349;NLD
63;Jonathan;Lee;jonathan.lee@gmail.com;+351 924 818 172;PRT
64;Laurie;Morris;laurie.morris@gmail.com;+376 384 630 799;AND
65;Evan;Ortiz;evan.ortiz@gmail.com;+356 781 686 043;MLT
66;Crystal;Bell;crystal.bell@gmail.com;+960 277 000 258;MDV
67;Ann;Rice;ann.rice@gmail.com;+421 694 219 276;SVK
68;Terry;Herrera;terry.herrera@gmail.com;+506 549 758 594;CRI
69;Aaron;Moran;aaron.moran@gmail.com;+98 912 361 791;IRN
70;Michelle;Kelly;michelle.kelly@gmail.com;+961 092 485 605;LBN
71;Vanessa;Harrison;vanessa.harrison@gmail.com;+351 016 715 147;PRT
72;Rachel;Allen;rachel.allen@gmail.com;+507 302 777 217;PAN
73;Kayla;Cortez;kayla.cortez@gmail.com;+56 213 432 557;CHL
74;Emma;Medina;emma.medina@gmail.com;+359 392 168 504;BGR
75;Hunter;Guzman;hunter.guzman@gmail.com;+351 513 013 259;PRT
76;Carl;Dalton;carl.dalton@gmail.com;+351 682 247 415;PRT
77;Edward;Hughes;edward.hughes@gmail.com;+880 860 394 260;BGD
78;Matthew;Gross;matthew.gross@gmail.com;+974 976 940 949;QAT
79;Jason;Irwin;jason.irwin@gmail.com;+381 828 682 945;SRB
80;Alan;Cummings;alan.cummings@gmail.com;+597 826 655 484;SUR
81;Laurie;Paul;laurie.paul@gmail.com;+351 135 934 712;PRT
82;Danielle;Kirk;danielle.kirk@gmail.com;+389 002 662 429;MKD
83;John;Anthony;john.anthony@gmail.com;+86 167 267 710;CHN
84;Jenna;Williams;jenna.williams@gmail.com;+237 854 701 611;CMR
85;Jose;Fox;jose.fox@gmail.com;+971 877 825 473;ARE
86;Justin;Jones;justin.jones@gmail.com;+7 251 406 809;KAZ
87;Christian;Hutchinson;christian.hutchinson@gmail.com;+46 242 387 209;SWE
88;Megan;Walker;megan.walker@gmail.com;+351 850 773 053;PRT
89;Scott;Watts;scott.watts@gmail.com;+54 421 038 325;ARG
90;Christina;Davis;christina.davis@gmail.com;+507 437 411 496;PAN
91;Jeffrey;Ramirez;jeffrey.ramirez@gmail.com;+234 243 711 580;NGA
92;Jared;Cummings;jared.cummings@gmail.com;+30 885 802 485;GRC
93;Richard;Ho;richard.ho@gmail.com;+92 291 157 191;PAK
94;Kendra;White;kendra.white@gmail.com;+82 837 868 914;KOR
95;Casey;Williams;casey.williams@gmail.com;+351 341 161 068;PRT
96;Billy;Hernandez;billy.hernandez@gmail.com;+86 690 895 187;CN
97;Brandon;Douglas;brandon.douglas@gmail.com;+351 101 629 673;PRT
98;Lisa;Baldwin;lisa.baldwin@gmail.com;+359 564 207 487;BGR
99;Alexis;Foster;alexis.foster@gmail.com;+91 241 897 725;IND
100;Taylor;Roth;taylor.roth@gmail.com;+256 231 019 197;UGA
101;Katie;Robbins;katie.robbins@gmail.com;+376 860 104 647;AND
102;Scott;Becker;scott.becker@gmail.com;+351 145 162 847;PRT
103;Dominic;Martinez;dominic.martinez@gmail.com;+57 104 927 316;COL
104;Jacob;Padilla;jacob.padilla@gmail.com;+218 769 796 828;LBY
105;William;Cabrera;william.cabrera@gmail.com;+66 141 723 078;THA
106;Gerald;Jones;gerald.jones@gmail.com;+30 793 054 107;GRC
107;Alicia;Henderson;alicia.henderson@gmail.com;+974 014 027 690;QAT
108;Mark;Clark;mark.clark@gmail.com;+218 620 168 466;LBY
109;Ryan;Lucas;ryan.lucas@gmail.com;+382 014 915 383;MNE
110;Tara;Mcdonald;tara.mcdonald@gmail.com;+351 296 441 991;PRT
111;Stephanie;Warren;stephanie.warren@gmail.com;+1 361 347 858;JAM
112;Michael;Walker;michael.walker@gmail.com;+221 779 839 345;SEN
113;Danielle;Johnston;danielle.johnston@gmail.com;+27 118 849 231;ZAF
114;Carol;Burgess;carol.burgess@gmail.com;+351 494 456 843;PRT
115;John;Stein;john.stein@gmail.com;+595 095 773 951;PRY
116;Richard;Gibson;richard.gibson@gmail.com;+351 680 843 526;PRT
117;David;Flynn;david.flynn@gmail.com;+221 132 290 630;SEN
118;Joshua;Ross;joshua.ross@gmail.com;+55 483 997 177;BRA
119;Brenda;Rogers;brenda.rogers@gmail.com;+350 322 421 126;GIB
120;Alyssa;Moore;alyssa.moore@gmail.com;+376 369 925 726;AND
121;Kevin;Price;kevin.price@gmail.com;+46 622 672 790;SWE
122;Troy;Richardson;troy.richardson@gmail.com;+351 565 131 740;PRT
123;John;Smith;john.smith_45@gmail.com;+375 270 494 017;BLR
124;Amber;Johnson;amber.johnson@gmail.com;+380 294 172 776;UKR
125;Christopher;Kennedy;christopher.kennedy@gmail.com;+41 862 711 094;CHE
126;Peter;Martinez;peter.martinez@gmail.com;+971 716 924 110;ARE
127;Alison;Lopez;alison.lopez@gmail.com;+351 828 981 298;PRT
128;John;Gardner;john.gardner@gmail.com;+244 348 074 724;AGO
129;Elaine;Holmes;elaine.holmes@gmail.com;+237 925 869 111;CMR
130;Michelle;Carr;michelle.carr@gmail.com;+351 310 768 933;PRT
131;Kristin;Walker;kristin.walker@gmail.com;+351 534 124 312;PRT
132;James;Le;james.le@gmail.com;+968 681 107 559;OMN
133;Christopher;Richardson;christopher.richardson@gmail.com;+351 131 767 537;PRT
134;Kelly;Robinson;kelly.robinson@gmail.com;+965 178 571 294;KWT
135;Michelle;Smith;michelle.smith@gmail.com;+353 752 233 310;IRL
136;Wanda;Thomas;wanda.thomas@gmail.com;+84 046 966 370;VNM
137;Danny;Martinez;danny.martinez@gmail.com;+374 523 897 370;ARM
138;Jessica;Curry;jessica.curry@gmail.com;+992 686 299 282;TJK
139;Amy;Oconnor;amy.oconnor@gmail.com;+886 468 634 885;TWN
140;Adam;Knight;adam.knight@gmail.com;+94 710 741 000;LKA
141;Gabriel;Wright;gabriel.wright@gmail.com;+212 126 727 964;MAR
142;Stephen;Murphy;stephen.murphy@gmail.com;+45 742 098 791;DNK
143;Christopher;Bailey;christopher.bailey@gmail.com;+351 850 834 430;PRT
144;Theresa;Cohen;theresa.cohen@gmail.com;+46 064 372 038;SWE
145;Todd;Woodward;todd.woodward@gmail.com;+351 406 663 739;PRT
146;Lori;Snyder;lori.snyder@gmail.com;+65 122 070 340;SGP
147;William;Stone;william.stone@gmail.com;+971 397 152 558;ARE
148;Jessica;Macias;jessica.macias@gmail.com;+32 958 347 705;BEL
149;Tiffany;Carrillo;tiffany.carrillo@gmail.com;+385 942 656 011;HRV
150;Steven;Lee;steven.lee@gmail.com;+218 681 213 057;LBY
151;Christian;Ferguson;christian.ferguson@gmail.com;+1 709 527 102;PRI
152;Robert;Pittman;robert.pittman@gmail.com;+973 916 652 903;BHR
153;Randy;Ryan;randy.ryan@gmail.com;+963 944 599 445;SYR
154;John;Smith;john.smith@gmail.com;+244 314 125 007;AGO
155;Cristina;Bishop;cristina.bishop@gmail.com;+213 414 426 247;DZA
156;Carolyn;Johnson;carolyn.johnson@gmail.com;+34 075 826 307;ESP
157;Thomas;Daniels;thomas.daniels@gmail.com;+44 858 537 623;JEY
158;Gary;Johnson;gary.johnson@gmail.com;+971 493 505 292;ARE
159;Isaac;Hays;isaac.hays@gmail.com;+593 911 413 791;ECU
160;Kenneth;Booth;kenneth.booth@gmail.com;+61 672 947 670;AUS
161;Misty;Scott;misty.scott@gmail.com;+351 618 331 179;PRT
162;Brian;Campbell;brian.campbell@gmail.com;+1 931 934 245;USA
163;Amanda;Mccullough;amanda.mccullough@gmail.com;+34 767 009 172;ESP
164;Jennifer;Bray;jennifer.bray@gmail.com;+53 541 407 179;CUB
165;David;Ramos;david.ramos@gmail.com;+351 998 337 408;PRT
166;Charles;Robbins;charles.robbins@gmail.com;+254 352 187 085;KEN
167;Joan;Griffin;joan.griffin@gmail.com;+91 859 783 600;IND
168;Morgan;Boyle;morgan.boyle@gmail.com;+354 934 116 465;ISL
169;Jennifer;Holt;jennifer.holt@gmail.com;+1 280 809 582;USA
170;Morgan;Cook;morgan.cook@gmail.com;+354 527 486 298;ISL
171;Melissa;Patterson;melissa.patterson@gmail.com;+245 848 169 270;GNB
172;Susan;Roberts;susan.roberts@gmail.com;+994 812 424 935;AZE
173;Daniel;Valdez;daniel.valdez@gmail.com;+992 844 118 816;TJK
174;Jacob;Colon;jacob.colon@gmail.com;+381 985 175 089;SRB
175;Aaron;Simpson;aaron.simpson@gmail.com;+256 670 774 786;UGA
176;Kelly;Mcdonald;kelly.mcdonald@gmail.com;+992 011 843 057;TJK
177;David;West;david.west@gmail.com;+351 566 070 915;PRT
178;Curtis;Miller;curtis.miller@gmail.com;+356 235 502 092;MLT
179;Jason;Lopez;jason.lopez@gmail.com;+351 512 737 769;PRT
180;Barbara;Mccormick;barbara.mccormick@gmail.com;+965 365 688 355;KWT
181;Hailey;Berg;hailey.berg@gmail.com;+7 158 997 656;RUS
182;Jennifer;Soto;jennifer.soto@gmail.com;+254 454 654 336;KEN
183;Julia;Hurley;julia.hurley@gmail.com;+351 959 767 252;PRT
184;Susan;Cooke;susan.cooke@gmail.com;+994 430 048 854;AZE
185;Brian;Morgan;brian.morgan@gmail.com;+372 340 424 103;EST
186;Gregory;Dominguez;gregory.dominguez@gmail.com;+420 653 918 623;CZE
187;Mary;Eaton;mary.eaton@gmail.com;+960 793 462 357;MDV
188;David;Ford;david.ford@gmail.com;+7 834 088 957;KAZ
189;Jared;Butler;jared.butler@gmail.com;+357 141 187 844;CYP
190;Justin;Zhang;justin.zhang@gmail.com;+251 389 800 620;ETH
191;Kelsey;Whitehead;kelsey.whitehead@gmail.com;+853 359 677 546;MAC
192;Jennifer;Martin;jennifer.martin@gmail.com;+370 792 111 389;LTU
193;Charles;Boyd;charles.boyd@gmail.com;+971 992 049 713;ARE
194;Lisa;Alvarado;lisa.alvarado@gmail.com;+7 320 622 516;KAZ
195;Kristine;Robertson;kristine.robertson@gmail.com;+370 268 582 876;LTU
196;Breanna;Adams;breanna.adams@gmail.com;+593 307 967 250;ECU
197;Ann;Weaver;ann.weaver@gmail.com;+351 874 315 039;PRT
198;Jacob;Crawford;jacob.crawford@gmail.com;+506 187 579 397;CRI
199;Janice;Chapman;janice.chapman@gmail.com;+965 048 624 851;KWT
200;Robert;Thomas;robert.thomas@gmail.com;+961 645 267 447;LBN
201;Nancy;Edwards;nancy.edwards@gmail.com;+376 429 711 756;AND
202;David;Graham;david.graham@gmail.com;+51 456 030 144;PER
203;Travis;Turner;travis.turner@gmail.com;+672 474 155 091;ATA
204;Shirley;Taylor;shirley.taylor@gmail.com;+382 104 749 994;MNE
205;Anne;Hall;anne.hall@gmail.com;+58 552 639 693;VEN
206;Cameron;Watson;cameron.watson@gmail.com;+44 684 105 588;JEY
207;Kathryn;Douglas;kathryn.douglas@gmail.com;+44 601 921 154;JEY
208;Anthony;Blackwell;anthony.blackwell@gmail.com;+49 837 431 469;DEU
209;Krystal;Townsend;krystal.townsend@gmail.com;+258 247 262 731;MOZ
210;Michael;Johnson;michael.johnson@gmail.com;+1 667 114 935;BRB
211;Eric;Underwood;eric.underwood@gmail.com;+354 958 875 133;ISL
212;John;Sutton;john.sutton@gmail.com;+57 199 201 779;COL
213;Steven;Esparza;steven.esparza@gmail.com;+351 621 960 344;PRT
214;Sandra;Krueger;sandra.krueger@gmail.com;+92 744 410 459;PAK
215;Maria;Young;maria.young@gmail.com;+960 354 401 201;MDV
216;Michelle;Harris;michelle.harris@gmail.com;+376 852 925 744;AND
217;Kenneth;Rodriguez;kenneth.rodriguez@gmail.com;+27 928 075 868;ZAF
218;Mary;Hall;mary.hall@gmail.com;+94 765 118 587;LKA
219;Robert;Reyes;robert.reyes@gmail.com;+966 015 166 081;SAU
220;Julie;Carrillo;julie.carrillo@gmail.com;+351 329 441 281;PRT
221;Holly;Ortiz;holly.ortiz@gmail.com;+350 180 949 946;GIB
222;Michael;Pace;michael.pace@gmail.com;+258 483 945 261;MOZ
223;Benjamin;White;benjamin.white@gmail.com;+298 448 229 651;FRO
224;John;Schneider;john.schneider@gmail.com;+352 289 023 423;LUX
225;Anne;Stewart;anne.stewart@gmail.com;+51 191 719 233;PER
226;Susan;King;susan.king@gmail.com;+49 147 246 428;DEU
227;Jeff;Miller;jeff.miller@gmail.com;+389 865 416 476;MKD
228;Erica;Shelton;erica.shelton@gmail.com;+968 436 645 539;OMN
229;Ruth;Ford;ruth.ford@gmail.com;+351 870 334 598;PRT
230;Kylie;Fleming;kylie.fleming@gmail.com;+351 046 149 453;PRT
231;Teresa;Miller;teresa.miller@gmail.com;+86 991 370 902;CN
232;Steven;Thompson;steven.thompson@gmail.com;+351 591 518 962;PRT
233;Maria;Yang;maria.yang@gmail.com;+298 512 130 348;FRO
234;Jasmine;Hernandez;jasmine.hernandez@gmail.com;+380 928 828 389;UKR
235;Joshua;Marquez Jr.;joshua.marquez@gmail.com;+58 259 137 688;VEN
236;Donna;Figueroa;donna.figueroa@gmail.com;+974 094 023 662;QAT
237;Jason;Davidson;jason.davidson@gmail.com;+351 556 471 327;PRT
238;Lauren;Mcintosh;lauren.mcintosh@gmail.com;+53 472 936 499;CUB
239;Eric;Strong;eric.strong@gmail.com;+51 163 870 780;PER
240;Victoria;Hanson;victoria.hanson@gmail.com;+593 987 932 668;ECU
241;Joseph;Moore;joseph.moore@gmail.com;+374 038 785 082;ARM
242;Richard;Gregory;richard.gregory@gmail.com;+387 409 172 067;BIH
243;Amanda;Hill;amanda.hill@gmail.com;+64 037 158 734;NZL
244;Maureen;Sanchez;maureen.sanchez@gmail.com;+387 741 840 283;BIH
245;Kevin;Wolf;kevin.wolf@gmail.com;+351 949 786 305;PRT
246;Jeffrey;Sutton;jeffrey.sutton@gmail.com;+351 669 264 840;PRT
247;Melanie;Thomas;melanie.thomas@gmail.com;+244 566 124 536;AGO
248;Lisa;Brewer;lisa.brewer@gmail.com;+593 189 010 715;ECU
249;Adrian;Hanna;adrian.hanna@gmail.com;+54 535 939 084;ARG
250;Julia;Casey;julia.casey@gmail.com;+86 653 540 615;CHN
251;Lucas;White;lucas.white@gmail.com;+382 145 124 502;MNE
252;Tyler;Stewart;tyler.stewart@gmail.com;+358 288 970 829;FIN
253;Mark;Horn;mark.horn@gmail.com;+357 244 717 965;CYP
254;Michael;Olsen;michael.olsen@gmail.com;+351 575 212 766;PRT
255;Michelle;Delgado;michelle.delgado@gmail.com;+258 046 045 054;MOZ
256;Chris;Cruz;chris.cruz@gmail.com;+973 280 250 279;BHR
257;Jacob;Johnson;jacob.johnson@gmail.com;+92 007 966 910;PAK
258;Erika;Ballard;erika.ballard@gmail.com;+238 488 610 541;CPV
259;Vincent;Hayes;vincent.hayes@gmail.com;+236 537 131 274;CAF
260;Tyrone;West;tyrone.west@gmail.com;+255 924 535 547;TZA
261;Eric;Johnson;eric.johnson@gmail.com;+53 707 665 035;CUB
262;Sandra;Mendoza;sandra.mendoza@gmail.com;+355 248 899 247;ALB
263;Sherri;Ruiz;sherri.ruiz@gmail.com;+32 618 823 316;BEL
264;Linda;Dominguez;linda.dominguez@gmail.com;+386 960 444 067;SVN
265;Sheila;Cannon;sheila.cannon@gmail.com;+82 179 447 875;KOR
266;Valerie;Glover;valerie.glover@gmail.com;+84 639 545 487;VNM
267;Miss;Chelsea Mann DDS;miss.chelsea mann dds@gmail.com;+64 166 715 561;NZL
268;Monica;Schultz;monica.schultz@gmail.com;+66 356 527 725;THA
269;Amy;Fischer;amy.fischer@gmail.com;+49 084 882 873;DEU
270;Sean;Cummings;sean.cummings@gmail.com;+380 549 168 999;UKR
271;Lauren;Gordon;lauren.gordon@gmail.com;+225 409 413 434;CIV
272;Tyler;Brown;tyler.brown@gmail.com;+386 852 229 697;SVN
273;Ryan;Gonzalez;ryan.gonzalez@gmail.com;+351 788 755 673;PRT
274;Scott;Lopez;scott.lopez@gmail.com;+33 355 388 279;FRA
275;Daniel;Osborn;daniel.osborn@gmail.com;+886 078 030 694;TWN
276;Jennifer;Long;jennifer.long@gmail.com;+355 952 053 683;ALB
277;Eric;Powell;eric.powell@gmail.com;+98 327 562 114;IRN
278;Christopher;Cook;christopher.cook@gmail.com;+351 927 503 648;PRT
279;Nancy;Santana;nancy.santana@gmail.com;+7 647 987 676;RUS
280;Zachary;Brown;zachary.brown@gmail.com;+351 344 657 272;PRT
281;Erin;Ellis;erin.ellis@gmail.com;+968 374 826 371;OMN
282;Sabrina;Middleton;sabrina.middleton@gmail.com;+351 448 502 919;PRT
283;Emily;Mcpherson;emily.mcpherson@gmail.com;+64 484 568 403;NZL
284;Bonnie;Gordon;bonnie.gordon@gmail.com;+1 010 713 213;JAM
285;Amanda;Collins;amanda.collins@gmail.com;+298 681 525 118;FRO
286;Elizabeth;Lee;elizabeth.lee@gmail.com;+351 169 840 371;PRT
287;Sarah;Gutierrez;sarah.gutierrez@gmail.com;+387 916 213 598;BIH
288;Jason;Stewart;jason.stewart@gmail.com;+244 489 774 411;AGO
289;Krystal;Daniels;krystal.daniels@gmail.com;+94 482 038 863;LKA
290;Tracy;Rodriguez;tracy.rodriguez@gmail.com;+254 565 760 450;KEN
291;Kimberly;May;kimberly.may@gmail.com;+351 083 720 776;PRT
292;Steven;Ingram;steven.ingram@gmail.com;+351 386 320 917;PRT
293;Steven;Cisneros;steven.cisneros@gmail.com;+421 000 594 116;SVK
294;Jennifer;Brooks;jennifer.brooks@gmail.com;+351 625 493 537;PRT
295;Heidi;George;heidi.george@gmail.com;+595 799 220 528;PRY
296;Regina;Murray;regina.murray@gmail.com;+63 311 019 231;PHL
297;David;Owens;david.owens@gmail.com;+351 436 497 414;PRT
298;Randall;Tyler;randall.tyler@gmail.com;+1 909 270 356;BRB
299;Matthew;Thomas;matthew.thomas@gmail.com;+41 742 553 959;CHE
300;Jennifer;Morgan;jennifer.morgan@gmail.com;+351 374 330 217;PRT
301;Thomas;Johnson;thomas.johnson@gmail.com;+351 709 159 987;PRT
302;Joshua;Houston;joshua.houston@gmail.com;+236 959 032 791;CAF
303;Carolyn;Camacho;carolyn.camacho@gmail.com;+1 940 633 851;USA
304;Hannah;Brown;hannah.brown@gmail.com;+374 483 339 413;ARM
305;Carmen;Hamilton;carmen.hamilton@gmail.com;+225 763 740 113;CIV
306;Ashley;Thomas;ashley.thomas@gmail.com;+351 760 821 620;PRT
307;Cindy;Williams;cindy.williams@gmail.com;+7 488 884 457;RUS
308;Jennifer;Fleming;jennifer.fleming@gmail.com;+36 953 101 484;HUN
309;Mia;Massey;mia.massey@gmail.com;+351 552 840 300;PRT
310;Stephanie;Smith;stephanie.smith@gmail.com;+371 224 424 425;LVA
311;Yesenia;Martinez;yesenia.martinez@gmail.com;+64 662 541 676;NZL
312;Emily;Dominguez;emily.dominguez@gmail.com;+81 646 795 963;JPN
313;James;Love;james.love@gmail.com;+1 546 876 586;BRB
314;Brian;Cox;brian.cox@gmail.com;+351 181 753 577;PRT
315;Richard;Villanueva;richard.villanueva@gmail.com;+351 248 574 938;PRT
316;Michelle;Meyers;michelle.meyers@gmail.com;+237 147 348 212;CMR
317;Thomas;Torres;thomas.torres@gmail.com;+971 355 344 638;ARE
318;Patricia;Gardner;patricia.gardner@gmail.com;+351 162 665 298;PRT
319;Brandon;Campbell;brandon.campbell@gmail.com;+44 314 991 469;JEY
320;Ralph;George;ralph.george@gmail.com;+57 853 920 142;COL
321;Julie;Young;julie.young@gmail.com;+351 651 296 754;PRT
322;Matthew;Rodriguez;matthew.rodriguez@gmail.com;+351 153 163 853;PRT
323;Nicole;Webb;nicole.webb@gmail.com;+40 551 568 538;ROU
324;William;Lewis;william.lewis@gmail.com;+350 058 494 962;GIB
325;Noah;Bates;noah.bates@gmail.com;+354 555 472 561;ISL
326;Christine;Velez;christine.velez@gmail.com;+351 778 989 325;PRT
327;Christian;May;christian.may@gmail.com;+47 149 592 259;NOR
328;Jessica;Poole;jessica.poole@gmail.com;+244 613 799 071;AGO
329;Steven;Willis;steven.willis@gmail.com;+258 380 534 410;MOZ
330;Steven;Higgins;steven.higgins@gmail.com;+355 572 035 449;ALB
331;Eric;Erickson;eric.erickson@gmail.com;+61 542 117 058;AUS
332;Gina;Bowen;gina.bowen@gmail.com;+372 951 220 209;EST
333;Matthew;Horne;matthew.horne@gmail.com;+1 976 034 200;BRB
334;David;Scott;david.scott@gmail.com;+591 258 509 783;BOL
335;Jonathan;Gonzalez;jonathan.gonzalez@gmail.com;+385 365 354 680;HRV
336;Thomas;Weaver;thomas.weaver@gmail.com;+992 420 649 588;TJK
337;Kristen;York;kristen.york@gmail.com;+265 973 440 991;MWI
338;Donald;Hernandez;donald.hernandez@gmail.com;+880 340 680 126;BGD
339;Martha;Davidson;martha.davidson@gmail.com;+230 186 100 228;MUS
340;Ann;Sanchez;ann.sanchez@gmail.com;+244 632 928 717;AGO
341;Jessica;Hobbs;jessica.hobbs@gmail.com;+65 835 658 448;SGP
342;Pamela;Reynolds;pamela.reynolds@gmail.com;+351 757 444 641;PRT
343;Jason;Morgan;jason.morgan@gmail.com;+880 293 961 951;BGD
344;Jessica;Nicholson;jessica.nicholson@gmail.com;+57 421 400 065;COL
345;Michelle;Jackson;michelle.jackson@gmail.com;+86 014 234 189;CHN
346;Cristian;Shelton;cristian.shelton@gmail.com;+351 073 244 895;PRT
347;Jessica;Smith;jessica.smith@gmail.com;+351 441 703 158;PRT
348;Stacy;Lowe;stacy.lowe@gmail.com;+374 633 757 283;ARM
349;Madison;Collins;madison.collins@gmail.com;+63 373 050 464;PHL
350;Laura;Mccormick;laura.mccormick@gmail.com;+593 696 823 570;ECU
351;Holly;Goodwin;holly.goodwin@gmail.com;+61 766 083 531;AUS
352;Lori;Green;lori.green@gmail.com;+351 840 467 221;PRT
353;Stephanie;Bernard;stephanie.bernard@gmail.com;+961 581 326 317;LBN
354;Catherine;Frank;catherine.frank@gmail.com;+7 236 023 045;RUS
355;Carla;Castro;carla.castro@gmail.com;+972 332 668 586;ISR
356;Karen;Allen MD;karen.allen md@gmail.com;+298 566 070 999;FRO
357;Bryan;Hatfield;bryan.hatfield@gmail.com;+507 515 421 041;PAN
358;Sarah;Dunlap;sarah.dunlap@gmail.com;+852 172 856 445;HKG
359;Lindsey;Thomas;lindsey.thomas@gmail.com;+40 572 436 650;ROU
360;Richard;Graham;richard.graham@gmail.com;+62 853 771 255;IDN
361;Michelle;Beck;michelle.beck@gmail.com;+351 213 166 394;PRT
362;Ronald;Flores;ronald.flores@gmail.com;+381 326 841 831;SRB
363;Kevin;Brown;kevin.brown@gmail.com;+44 988 715 589;GBR
364;Eduardo;Pitts;eduardo.pitts@gmail.com;+351 514 545 403;PRT
365;Jocelyn;Navarro;jocelyn.navarro@gmail.com;+54 127 591 058;ARG
366;Kevin;Douglas;kevin.douglas@gmail.com;+81 199 539 600;JPN
367;Donna;Carter;donna.carter@gmail.com;+351 606 214 164;PRT
368;April;Walsh;april.walsh@gmail.com;+98 331 857 967;IRN
369;Margaret;Mitchell;margaret.mitchell@gmail.com;+375 262 394 189;BLR
370;Angela;Vasquez;angela.vasquez@gmail.com;+64 099 284 824;NZL
371;Heather;Smith;heather.smith@gmail.com;+82 951 280 160;KOR
372;Lisa;Underwood;lisa.underwood@gmail.com;+351 820 695 733;PRT
373;Dawn;Stevens;dawn.stevens@gmail.com;+370 871 502 213;LTU
374;Laura;Edwards;laura.edwards@gmail.com;+971 927 978 040;ARE
375;Pam;Mercado;pam.mercado@gmail.com;+992 082 770 063;TJK
376;Kevin;Jacobson;kevin.jacobson@gmail.com;+82 742 596 888;KOR
377;Adrian;Moyer;adrian.moyer@gmail.com;+218 002 322 554;LBY
378;Paula;Sherman;paula.sherman@gmail.com;+254 262 515 541;KEN
379;Anthony;Poole;anthony.poole@gmail.com;+40 096 983 699;ROU
380;Dylan;Mcpherson;dylan.mcpherson@gmail.com;+48 957 800 636;POL
381;Jeffrey;Santiago;jeffrey.santiago@gmail.com;+351 440 800 954;PRT
382;Caroline;Marks;caroline.marks@gmail.com;+236 947 088 550;CAF
383;Tommy;Young;tommy.young@gmail.com;+1 521 393 815;BRB
384;Daniel;Williams;daniel.williams@gmail.com;+381 075 307 467;SRB
385;Krystal;Knapp;krystal.knapp@gmail.com;+353 952 312 627;IRL
386;Michael;Rodriguez;michael.rodriguez@gmail.com;+351 658 074 824;PRT
387;Kristen;Sherman;kristen.sherman@gmail.com;+380 254 251 063;UKR
388;Erin;Brown;er.brown@gmail.com;+992 336 650 768;TJK
389;Christian;Simmons;christian.simmons@gmail.com;+34 818 509 935;ESP
390;Phyllis;Henderson;phyllis.henderson@gmail.com;+1 176 607 294;DOM
391;Brittney;Cordova;brittney.cordova@gmail.com;+506 314 810 771;CRI
392;Michael;Nelson MD;michael.nelson md@gmail.com;+960 272 290 415;MDV
393;Douglas;Sweeney;douglas.sweeney@gmail.com;+255 126 520 394;TZA
394;Jared;Flynn;jared.flynn@gmail.com;+64 810 227 297;NZL
395;Lauren;Valentine;lauren.valentine@gmail.com;+225 331 110 033;CIV
396;David;Edwards;david.edwards@gmail.com;+420 572 633 978;CZE
397;Pamela;Cobb;pamela.cobb@gmail.com;+351 849 635 555;PRT
398;Amy;Turner;amy.turner@gmail.com;+351 218 578 312;PRT
399;Robert;Wilson;robert.wilson@gmail.com;+852 642 051 387;HKG
400;Antonio;Peters;antonio.peters@gmail.com;+421 154 632 856;SVK
401;Michelle;Schwartz;michelle.schwartz@gmail.com;+66 667 319 535;THA
402;James;Eaton;james.eaton@gmail.com;+376 872 825 219;AND
403;Jacob;Travis;jacob.travis@gmail.com;+34 129 425 559;ESP
404;William;Gonzalez;william.gonzalez@gmail.com;+351 095 402 825;PRT
405;Jonathan;Hernandez;jonathan.hernandez@gmail.com;+53 055 006 912;CUB
406;Vanessa;Anderson;vanessa.anderson@gmail.com;+48 839 680 497;POL
407;Nicholas;Norris;nicholas.norris@gmail.com;+44 967 577 741;JEY
408;Jeremy;Stevens;jeremy.stevens@gmail.com;+972 355 057 834;ISR
409;Matthew;Torres;matthew.torres@gmail.com;+351 865 413 659;PRT
410;Kathleen;Eaton;kathleen.eaton@gmail.com;+597 698 774 585;SUR
411;Janet;Meyer;janet.meyer@gmail.com;+45 865 310 418;DNK
412;Lee;Espinoza;lee.espinoza@gmail.com;+351 752 162 400;PRT
413;Tommy;Powell;tommy.powell@gmail.com;+351 736 160 658;PRT
414;Jerry;Ramirez;jerry.ramirez@gmail.com;+30 260 968 465;GRC
415;Alyssa;Brown;alyssa.brown@gmail.com;+595 350 314 443;PRY
416;Andrew;Johnston;andrew.johnston@gmail.com;+351 132 437 501;PRT
417;Tammy;Salinas;tammy.salinas@gmail.com;+351 462 968 051;PRT
418;Sandra;Brandt;sandra.brandt@gmail.com;+964 019 762 481;IRQ
419;Jacqueline;Turner;jacqueline.turner@gmail.com;+212 982 293 359;MAR
420;Jason;Mclean;jason.mclean@gmail.com;+353 003 062 407;IRL
421;Joshua;Blevins;joshua.blevins@gmail.com;+20 569 875 842;EGY
422;Brenda;Acosta;brenda.acosta@gmail.com;+351 522 999 390;PRT
423;Brittany;Reed;brittany.reed@gmail.com;+30 398 211 525;GRC
424;Elizabeth;Woods;elizabeth.woods@gmail.com;+84 534 019 709;VNM
425;Danny;Pope;danny.pope@gmail.com;+48 072 322 023;POL
426;Kenneth;Jackson;kenneth.jackson@gmail.com;+1 342 058 330;JAM
427;Kim;Brown;kim.brown@gmail.com;+595 328 709 698;PRY
428;Tammy;Cole;tammy.cole@gmail.com;+63 451 870 902;PHL
429;Jodi;Andrews;jodi.andrews@gmail.com;+352 177 716 442;LUX
430;Lauren;Price;lauren.price@gmail.com;+351 021 551 551;PRT
431;David;Powell;david.powell@gmail.com;+351 256 121 873;PRT
432;Katherine;Williams;katherine.williams@gmail.com;+965 399 310 778;KWT
433;Melissa;Frederick;melissa.frederick@gmail.com;+61 524 318 544;AUS
434;Andrew;Estes;andrew.estes@gmail.com;+964 127 194 409;IRQ
435;Christopher;Hernandez;christopher.hernandez@gmail.com;+351 241 077 722;PRT
436;Laura;Bell;laura.bell@gmail.com;+355 956 906 794;ALB
437;Michael;Holden;michael.holden@gmail.com;+974 665 301 941;QAT
438;James;Prince;james.prince@gmail.com;+351 758 290 070;PRT
439;Robert;Mcgrath;robert.mcgrath@gmail.com;+389 889 216 262;MKD
440;David;Stark;david.stark@gmail.com;+351 973 124 420;PRT
441;Gail;Walker;gail.walker@gmail.com;+971 141 810 034;ARE
442;Melissa;Lewis;melissa.lewis@gmail.com;+40 446 689 004;ROU
443;Sarah;Acevedo;sarah.acevedo@gmail.com;+7 088 263 322;KAZ
444;John;Riddle;john.riddle@gmail.com;+212 994 984 807;MAR
445;Shelley;Burnett;shelley.burnett@gmail.com;+82 365 528 245;KOR
446;Megan;Jennings;megan.jennings@gmail.com;+260 325 685 144;ZMB
447;Tammy;Martinez;tammy.martinez@gmail.com;+44 446 433 516;GBR
448;James;Ortiz;james.ortiz@gmail.com;+351 684 113 169;PRT
449;Jillian;Obrien;jillian.obrien@gmail.com;+250 740 604 971;RWA
450;Justin;Parker;justin.parker@gmail.com;+351 183 395 157;PRT
451;Antonio;Garcia;antonio.garcia@gmail.com;+973 225 413 834;BHR
452;Jeremy;Ramirez;jeremy.ramirez@gmail.com;+965 858 668 935;KWT
453;Victoria;Patel;victoria.patel@gmail.com;+237 394 141 407;CMR
454;Angela;Navarro;angela.navarro@gmail.com;+351 656 037 106;PRT
455;William;Collins;william.collins@gmail.com;+371 486 148 602;LVA
456;Carol;Cunningham;carol.cunningham@gmail.com;+350 330 081 520;GIB
457;Catherine;Hoover;catherine.hoover@gmail.com;+239 189 677 838;STP
458;Cathy;Mccoy;cathy.mccoy@gmail.com;+994 142 699 308;AZE
459;Kelly;Sharp;kelly.sharp@gmail.com;+86 426 165 642;CN
460;Brooke;Allen;brooke.allen@gmail.com;+52 413 287 182;MEX
461;John;Perez;john.perez@gmail.com;+65 279 946 881;SGP
462;Andrea;Reid;andrea.reid@gmail.com;+221 904 255 943;SEN
463;Ryan;Stout;ryan.stout@gmail.com;+230 199 567 524;MUS
464;Andrew;Sweeney;andrew.sweeney@gmail.com;+372 897 765 456;EST
465;John;Jacobson;john.jacobson@gmail.com;+358 029 197 842;FIN
466;David;Ho;david.ho@gmail.com;+66 142 365 754;THA
467;Linda;Miller;linda.miller@gmail.com;+351 029 340 047;PRT
468;Bryan;Marshall;bryan.marshall@gmail.com;+351 044 890 687;PRT
469;Joshua;Santana;joshua.santana@gmail.com;+351 707 012 697;PRT
470;Patricia;Haney;patricia.haney@gmail.com;+1 767 352 355;DOM
471;Jeff;Robbins;jeff.robbins@gmail.com;+351 911 105 985;PRT
472;Jeffrey;Gonzalez;jeffrey.gonzalez@gmail.com;+382 586 460 029;MNE
473;Elizabeth;Cobb;elizabeth.cobb@gmail.com;+32 332 202 646;BEL
474;Richard;Thornton;richard.thornton@gmail.com;+7 380 628 756;RUS
475;Alison;Parker;alison.parker@gmail.com;+49 423 087 273;DEU
476;Diana;Collins;diana.collins@gmail.com;+1 718 796 907;BRB
477;Timothy;Brown;timothy.brown@gmail.com;+960 547 838 124;MDV
478;Brianna;Perez;brianna.perez@gmail.com;+351 414 688 412;PRT
479;Mark;Smith;mark.smith@gmail.com;+351 699 306 231;PRT
480;Lindsay;Barnett;lindsay.barnett@gmail.com;+420 735 575 455;CZE
481;Kathy;Garrett;kathy.garrett@gmail.com;+356 109 124 250;MLT
482;George;Mcdowell;george.mcdowell@gmail.com;+593 517 008 866;ECU
483;Mark;Dennis;mark.dennis@gmail.com;+238 449 101 933;CPV
484;Candice;Buck;candice.buck@gmail.com;+36 819 451 836;HUN
485;Tiffany;Ruiz;tiffany.ruiz@gmail.com;+598 064 411 609;URY
486;Steven;Griffith;steven.griffith@gmail.com;+351 756 984 874;PRT
487;Kelly;Nguyen;kelly.nguyen@gmail.com;+351 251 872 041;PRT
488;Brianna;Bradley;brianna.bradley@gmail.com;+382 059 484 891;MNE
489;Ashley;Hernandez;ashley.hernandez@gmail.com;+40 575 709 946;ROU
490;Kelsey;Mccormick;kelsey.mccormick@gmail.com;+43 646 024 194;AUT
491;James;Miller;james.miller@gmail.com;+593 819 017 271;ECU
492;Elaine;Thompson;elaine.thompson@gmail.com;+39 317 344 260;ITA
493;Stanley;Tran;stanley.tran@gmail.com;+358 567 854 640;FIN
494;Michael;Townsend;michael.townsend@gmail.com;+54 304 890 358;ARG
495;John;Elliott;john.elliott@gmail.com;+351 028 964 989;PRT
496;Theodore;Cruz;theodore.cruz@gmail.com;+238 876 375 688;CPV
497;Alison;Garner;alison.garner@gmail.com;+86 190 226 021;CHN
498;Ann;Morris;ann.morris@gmail.com;+351 808 352 411;PRT
499;Ryan;West;ryan.west@gmail.com;+27 468 738 429;ZAF
500;James;Morrison;james.morrison@gmail.com;+374 275 868 925;ARM
501;Larry;Garcia;larry.garcia@gmail.com;+1 478 084 632;PRI
502;Jessica;Williams DDS;jessica.williams dds@gmail.com;+351 976 132 261;PRT
503;Angela;Nielsen;angela.nielsen@gmail.com;+351 875 988 340;PRT
504;Maria;Stafford;maria.stafford@gmail.com;+1 620 942 683;USA
505;Lisa;Adams;lisa.adams@gmail.com;+41 500 424 960;CHE
506;Matthew;Hansen;matthew.hansen@gmail.com;+351 474 659 937;PRT
507;Scott;Harper;scott.harper@gmail.com;+351 227 740 798;PRT
508;Robert;Hoover;robert.hoover@gmail.com;+351 921 409 500;PRT
509;Gregory;Velez;gregory.velez@gmail.com;+258 571 740 088;MOZ
510;Kenneth;Reid;kenneth.reid@gmail.com;+597 137 544 752;SUR
511;Carlos;Cox;carlos.cox@gmail.com;+968 170 907 559;OMN
512;Alison;Carpenter;alison.carpenter@gmail.com;+421 104 219 187;SVK
513;Craig;Phillips;craig.phillips@gmail.com;+7 951 590 159;KAZ
514;Brandon;Newton;brandon.newton@gmail.com;+298 596 884 179;FRO
515;Jennifer;Bradley;jennifer.bradley@gmail.com;+351 798 810 720;PRT
516;Robert;Hawkins;robert.hawkins@gmail.com;+45 379 874 067;DNK
517;Jamie;Vega;jamie.vega@gmail.com;+52 241 191 430;MEX
518;Nicholas;White;nicholas.white@gmail.com;+63 826 352 491;PHL
519;Tammy;Stevenson;tammy.stevenson@gmail.com;+421 702 862 778;SVK
520;John;Oconnor;john.oconnor@gmail.com;+61 239 414 514;AUS
521;Wanda;Stevens;wanda.stevens@gmail.com;+57 175 802 413;COL
522;Cheryl;Bradshaw;cheryl.bradshaw@gmail.com;+244 649 167 642;AGO
523;Maureen;Villegas;maureen.villegas@gmail.com;+57 313 784 864;COL
524;Jeremy;Harris;jeremy.harris@gmail.com;+357 249 418 928;CYP
525;Erin;Morgan;erin.morgan@gmail.com;+64 417 325 497;NZL
526;Matthew;King;matthew.king@gmail.com;+236 142 139 078;CAF
527;Kendra;Gilmore;kendra.gilmore@gmail.com;+998 681 897 848;UZB
528;Spencer;Nguyen Jr.;spencer.nguyenjr@gmail.com;+351 150 082 359;PRT
529;Kathleen;Lewis;kathleen.lewis@gmail.com;+351 616 236 959;PRT
530;James;Johnson;james.johnson@gmail.com;+44 769 544 825;JEY
531;Allison;Kennedy;allison.kennedy@gmail.com;+39 774 224 549;ITA
532;Stephen;Martin;stephen.martin@gmail.com;+225 559 998 687;CIV
533;Jordan;Henry;jordan.henry@gmail.com;+52 030 446 233;MEX
534;Kristen;Avila;kristen.avila@gmail.com;+44 879 815 793;JEY
535;Kathy;Mejia;kathy.mejia@gmail.com;+380 752 054 470;UKR
536;Allen;Jones;allen.jones@gmail.com;+86 432 909 322;CHN
537;Patrick;Nichols;patrick.nichols@gmail.com;+351 507 751 414;PRT
538;Ryan;Wright;ryan.wright@gmail.com;+86 807 092 137;CN
539;Todd;Taylor;todd.taylor@gmail.com;+351 752 935 587;PRT
540;David;Young;david.young@gmail.com;+886 901 329 673;TWN
541;Michael;Harrison;michael.harrison@gmail.com;+91 578 819 925;IND
542;Bradley;Brown;bradley.brown@gmail.com;+218 834 798 859;LBY
543;Joseph;Smith;joseph.smith@gmail.com;+350 385 401 386;GIB
544;Anthony;Clark;anthony.clark@gmail.com;+351 265 399 370;PRT
545;Nicole;Moss;nicole.moss@gmail.com;+351 526 315 343;PRT
546;Steven;Parker;steven.parker@gmail.com;+375 407 234 410;BLR
547;Monica;Becker;monica.becker@gmail.com;+1 099 247 335;DOM
548;Kevin;Burton;kevin.burton@gmail.com;+968 304 519 344;OMN
549;Tami;Davis;tami.davis@gmail.com;+98 972 904 630;IRN
550;Sarah;Johnson;sarah.johnson@gmail.com;+351 742 769 586;PRT
551;Sarah;Price;sarah.price@gmail.com;+39 267 128 393;ITA
552;Tammy;Ingram;tammy.ingram@gmail.com;+36 320 838 272;HUN
553;Jesse;Thompson;jesse.thompson@gmail.com;+351 903 559 849;PRT
554;Terry;Bell;terry.bell@gmail.com;+880 643 387 615;BGD
555;Linda;Jones;linda.jones@gmail.com;+960 506 797 498;MDV
556;Ryan;Berry;ryan.berry@gmail.com;+351 372 350 571;PRT
557;Barbara;Buchanan;barbara.buchanan@gmail.com;+34 925 660 200;ESP
558;Sean;Gonzalez;sean.gonzalez@gmail.com;+965 602 686 508;KWT
559;Andrew;Meadows;andrew.meadows@gmail.com;+357 587 991 858;CYP
560;James;Adams;james.adams@gmail.com;+39 141 510 596;ITA
561;Connie;Romero;connie.romero@gmail.com;+965 298 049 006;KWT
562;Janet;Butler;janet.butler@gmail.com;+387 400 700 873;BIH
563;Chris;Davies;chris.davies@gmail.com;+31 180 204 504;NLD
564;Christina;Burke;christina.burke@gmail.com;+351 130 194 139;PRT
565;Ashlee;Johnson;ashlee.johnson@gmail.com;+351 047 553 932;PRT
566;Susan;Cox;susan.cox@gmail.com;+351 574 572 012;PRT
567;Sean;Ashley;sean.ashley@gmail.com;+355 312 194 552;ALB
568;Margaret;Miller;margaret.miller@gmail.com;+238 619 109 667;CPV
569;Tara;Fitzgerald;tara.fitzgerald@gmail.com;+56 940 353 450;CHL
570;Christina;Mason;christina.mason@gmail.com;+7 157 564 978;KAZ
571;Craig;Parker;craig.parker@gmail.com;+351 031 141 362;PRT
572;Victor;Bell;victor.bell@gmail.com;+27 842 902 005;ZAF
573;Christina;Johnston;christina.johnston@gmail.com;+31 819 718 561;NLD
574;Erica;Long;erica.long@gmail.com;+90 305 015 798;TUR
575;Emily;Malone;emily.malone@gmail.com;+98 523 401 403;IRN
576;Amber;Martinez;amber.martinez@gmail.com;+387 706 118 950;BIH
577;David;Sanchez;david.sanchez@gmail.com;+595 023 423 873;PRY
578;Felicia;Huang;felicia.huang@gmail.com;+258 806 959 416;MOZ
579;Jay;Blackburn;jay.blackburn@gmail.com;+221 239 931 076;SEN
580;Deborah;James;deborah.james@gmail.com;+351 709 945 968;PRT
581;Charles;Gray DVM;charles.gray dvm@gmail.com;+66 533 249 439;THA
582;Melissa;Roy;melissa.roy@gmail.com;+33 897 618 946;FRA
583;Samuel;Simpson;samuel.simpson@gmail.com;+351 083 104 325;PRT
584;April;Harvey;april.harvey@gmail.com;+351 110 037 958;PRT
585;Scott;West;scott.west@gmail.com;+351 400 304 662;PRT
586;Kathryn;Brown;kathryn.brown@gmail.com;+41 360 945 992;CHE
587;Sylvia;Dorsey;sylvia.dorsey@gmail.com;+371 734 249 126;LVA
588;Shannon;Mcdaniel;shannon.mcdaniel@gmail.com;+351 445 572 123;PRT
589;Sheila;Simmons;sheila.simmons@gmail.com;+238 924 690 520;CPV
590;Jesse;Gibbs;jesse.gibbs@gmail.com;+48 935 740 323;POL
591;Kim;Hancock;kim.hancock@gmail.com;+86 618 919 796;CHN
592;Jesse;Wagner;jesse.wagner@gmail.com;+598 129 668 484;URY
593;Samantha;Hawkins;samantha.hawkins@gmail.com;+597 517 468 317;SUR
594;David;Rocha;david.rocha@gmail.com;+593 400 497 256;ECU
595;James;Wilkinson;james.wilkinson@gmail.com;+81 474 730 916;JPN
596;Christian;Wood;christian.wood@gmail.com;+965 112 542 274;KWT
597;Dustin;Arellano;dustin.arellano@gmail.com;+852 061 781 353;HKG
598;Ashley;Brown;ashley brown@gmail.com;+351 124 146 338;PRT
599;Brian;Fischer;brian.fischer@gmail.com;+84 465 549 096;VNM
600;Leslie;Johnson;leslie.johnson@gmail.com;+351 880 224 377;PRT
601;Lorraine;Smith;lorraine.smith@gmail.com;+359 944 295 616;BGR
602;Jennifer;Monroe;jennifer.monroe@gmail.com;+30 943 244 452;GRC
603;Daniel;Fry;daniel.fry@gmail.com;+30 490 956 061;GRC
604;Daniel;Powers;daniel.powers@gmail.com;+853 184 336 257;MAC
605;Tracey;Moore;tracey.moore@gmail.com;+995 778 167 175;GEO
606;Mary;Evans;mary.evans@gmail.com;+995 675 775 604;GEO
607;Kyle;Mendez;kyle.mendez@gmail.com;+994 146 134 619;AZE
608;Jennifer;Park;jennifer.park@gmail.com;+351 558 684 264;PRT
609;Destiny;Hunt;destiny.hunt@gmail.com;+358 250 847 716;FIN
610;Crystal;Martinez;crystal.martinez@gmail.com;+92 480 163 457;PAK
611;Katrina;Miller;katrina.miller@gmail.com;+86 564 048 628;CN
612;Erika;Johnson;erika.johnson@gmail.com;+245 009 972 697;GNB
613;Rebecca;Parsons;rebecca.parsons@gmail.com;+351 677 105 044;PRT
614;Micheal;Cole;micheal.cole@gmail.com;+45 804 368 202;DNK
615;Daniel;Nguyen;daniel.nguyen@gmail.com;+61 685 476 620;AUS
616;Nicole;Fields;nicole.fields@gmail.com;+36 080 732 922;HUN
617;Jason;Sloan;jason.sloan@gmail.com;+58 399 626 019;VEN
618;Peter;Barrett;peter.barrett@gmail.com;+62 765 778 610;IDN
619;Charles;Roach;charles.roach@gmail.com;+375 652 022 038;BLR
620;Jerome;Gordon;jerome.gordon@gmail.com;+351 654 898 698;PRT
621;Maureen;Grimes;maureen.grimes@gmail.com;+595 001 708 035;PRY
622;Antonio;Sparks;antonio.sparks@gmail.com;+60 734 157 224;MYS
623;Jacqueline;Rogers;jacqueline.rogers@gmail.com;+375 960 493 012;BLR
624;Amanda;Parker;amanda.parker@gmail.com;+351 503 909 203;PRT
625;John;Jones;john.jones@gmail.com;+421 520 061 729;SVK
626;Chad;Johnson;chad.johnson@gmail.com;+507 306 797 007;PAN
627;Allison;Scott;allison.scott@gmail.com;+352 711 478 793;LUX
628;Richard;Greene;richard.greene@gmail.com;+351 418 279 144;PRT
629;Elizabeth;Wilson;elizabeth.wilson@gmail.com;+254 590 673 476;KEN
630;Tracy;Freeman;tracy.freeman@gmail.com;+225 578 539 236;CIV
631;Aaron;Barnett;aaron.barnett@gmail.com;+351 089 394 368;PRT
632;Laura;Yates;laura.yates@gmail.com;+995 684 510 478;GEO
633;Shannon;Mcknight;shannon.mcknight@gmail.com;+382 014 622 745;MNE
634;Dennis;Parker;dennis.parker@gmail.com;+386 251 525 754;SVN
635;Nicole;Pierce;nicole.pierce@gmail.com;+351 813 898 928;PRT
636;John;Rodriguez;john.rodriguez@gmail.com;+852 599 523 912;HKG
637;Erica;Proctor;erica.proctor@gmail.com;+238 036 975 189;CPV
638;Mark;Sanchez;mark.sanchez@gmail.com;+351 025 344 741;PRT
639;Brian;Diaz;brian.diaz@gmail.com;+965 693 960 098;KWT
640;Samantha;Osborne;samantha.osborne@gmail.com;+255 672 025 909;TZA
641;Steven;Mitchell;steven.mitchell@gmail.com;+53 316 438 690;CUB
642;Jason;Gallegos;jason.gallegos@gmail.com;+31 722 526 675;NLD
643;Susan;Reynolds;susan.reynolds@gmail.com;+591 389 178 190;BOL
644;Darin;Macias;darin.macias@gmail.com;+255 004 908 917;TZA
645;Heather;Smith;h.smith@gmail.com;+372 272 990 509;EST
646;Philip;Ford;philip.ford@gmail.com;+966 083 291 264;SAU
647;Joseph;Harvey;joseph.harvey@gmail.com;+385 995 334 073;HRV
648;Gilbert;Gonzalez;gilbert gonzalez@gmail.com;+57 932 155 144;COL
649;Miss;Suzanne Weber;miss.suzanne weber@gmail.com;+47 355 084 149;NOR
650;Kayla;Jackson;kayla.jackson@gmail.com;+351 672 297 349;PRT
651;Sarah;Parker;sarah.parker@gmail.com;+591 776 607 632;BOL
652;Stephen;Miller;stephen.miller@gmail.com;+598 780 584 583;URY
653;Kevin;May;kevin.may@gmail.com;+236 738 779 842;CAF
654;Andrea;Cameron;andrea.cameron@gmail.com;+351 355 135 222;PRT
655;Jean;Kelly;jean.kelly@gmail.com;+358 863 254 727;FIN
656;Lisa;Ray;lisa.ray@gmail.com;+244 718 066 021;AGO
657;Susan;Rhodes;susan.rhodes@gmail.com;+63 403 065 122;PHL
658;Carrie;Chavez;carrie.chavez@gmail.com;+351 339 867 568;PRT
659;Sierra;Lindsey;sierra.lindsey@gmail.com;+245 628 477 337;GNB
660;Andrew;Fitzgerald;andrew.fitzgerald@gmail.com;+351 976 198 326;PRT
661;Brittany;Hartman;brittany.hartman@gmail.com;+61 330 257 721;AUS
662;Cathy;Kim;cathy.kim@gmail.com;+237 294 967 700;CMR
663;Lauren;Spencer;lauren.spencer@gmail.com;+39 024 109 119;ITA
664;Kristina;Harvey;kristina.harvey@gmail.com;+506 086 559 395;CRI
665;Dana;Decker;dana.decker@gmail.com;+258 226 031 491;MOZ
666;William;Miller;william.miller@gmail.com;+971 698 976 005;ARE
667;Sean;Pearson;sean.pearson@gmail.com;+386 619 517 183;SVN
668;Austin;Bryant;austin.bryant@gmail.com;+351 224 249 638;PRT
669;Brenda;Bauer;brenda.bauer@gmail.com;+389 075 579 119;MKD
670;Heather;Gomez;heather.gomez@gmail.com;+1 713 325 193;JAM
671;Thomas;Daniel;thomas.daniel@gmail.com;+375 535 192 832;BLR
672;Mark;Russell;mark.russell@gmail.com;+994 705 860 425;AZE
673;Kristen;Preston;kristen.preston@gmail.com;+852 276 723 994;HKG
674;Christopher;Gibson;christopher.gibson@gmail.com;+55 661 154 316;BRA
675;Frank;Russell;frank.russell@gmail.com;+351 260 685 514;PRT
676;Lori;Gonzales;lori.gonzales@gmail.com;+46 515 203 652;SWE
677;Megan;Neal;megan.neal@gmail.com;+376 386 377 837;AND
678;Cathy;Roberts;cathy.roberts@gmail.com;+245 481 422 020;GNB
679;Debbie;Hoffman;debbie.hoffman@gmail.com;+84 260 064 208;VNM
680;Elizabeth;Meyer;elizabeth.meyer@gmail.com;+598 382 953 400;URY
681;Glen;Wyatt;glen.wyatt@gmail.com;+351 402 877 837;PRT
682;Cheryl;Johnson;cheryl.johnson@gmail.com;+46 877 187 592;SWE
683;Christopher;Adams;christopher.adams@gmail.com;+353 963 816 372;IRL
684;Samuel;Adkins;samuel.adkins@gmail.com;+20 031 575 148;EGY
685;Justin;Smith;justin.smith@gmail.com;+591 130 029 601;BOL
686;Lisa;Webster;lisa.webster@gmail.com;+91 582 412 680;IND
687;Bradley;Arnold;bradley.arnold@gmail.com;+351 280 059 301;PRT
688;Samuel;Bryan;samuel.bryan@gmail.com;+48 909 874 198;POL
689;Mark;Rios;mark.rios@gmail.com;+90 468 375 423;TUR
690;Jessica;Baker;jessica.baker@gmail.com;+421 174 341 556;SVK
691;Taylor;Hess;taylor.hess@gmail.com;+351 711 652 281;PRT
692;Jose;Wong;jose.wong@gmail.com;+855 087 401 203;KHM
693;Brianna;Hoffman;brianna.hoffman@gmail.com;+591 062 809 859;BOL
694;Barbara;Dixon;barbara.dixon@gmail.com;+230 079 431 337;MUS
695;Melissa;Lambert;melissa.lambert@gmail.com;+352 786 616 059;LUX
696;Marcus;Jones;marcus.jones@gmail.com;+7 100 140 769;RUS
697;David;Washington;david.washington@gmail.com;+258 703 006 152;MOZ
698;Whitney;Boyer;whitney.boyer@gmail.com;+92 497 054 419;PAK
699;Ronald;Compton;ronald.compton@gmail.com;+58 905 628 908;VEN
700;Brett;Lucas;brett.lucas@gmail.com;+995 879 702 154;GEO
701;Raymond;Travis;raymond.travis@gmail.com;+90 042 047 087;TUR
702;Paula;Hernandez;paula.hernandez@gmail.com;+90 980 538 198;TUR
703;John;Price;john.price@gmail.com;+216 237 854 836;TUN
704;James;Pratt;james.pratt@gmail.com;+46 045 175 491;SWE
705;Karen;Mclaughlin;karen.mclaughlin@gmail.com;+45 499 458 845;DNK
706;Andrea;Collins;andrea.collins@gmail.com;+1 404 435 659;PRI
707;Dillon;Scott;dillon.scott@gmail.com;+995 114 042 862;GEO
708;Eric;Blanchard;eric.blanchard@gmail.com;+372 189 165 206;EST
709;Sheri;Krause;sheri.krause@gmail.com;+356 798 442 632;MLT
710;Daniel;Oneill;daniel.oneill@gmail.com;+351 226 337 866;PRT
711;Anthony;Randolph;anthony.randolph@gmail.com;+225 896 143 358;CIV
712;Julie;Odonnell;julie.odonnell@gmail.com;+351 348 441 896;PRT
713;Nancy;Mitchell;nancy.mitchell@gmail.com;+351 463 791 942;PRT
714;Craig;Estrada;craig.estrada@gmail.com;+960 509 679 405;MDV
715;Jackie;Tate;jackie.tate@gmail.com;+351 379 250 065;PRT
716;Jacob;Wilson;jacob.wilson@gmail.com;+370 675 979 692;LTU
717;Taylor;Green;taylor.green@gmail.com;+351 314 273 083;PRT
718;Debra;Clark;debra.clark@gmail.com;+53 074 350 253;CUB
719;Daniel;Collins;daniel.collins@gmail.com;+52 637 662 357;MEX
720;Amy;Cohen;amy.cohen@gmail.com;+351 490 692 430;PRT
721;John;Rodgers;john.rodgers@gmail.com;+44 578 487 365;GGY
722;Karen;Smith;karen.smith@gmail.com;+36 076 529 786;HUN
723;Chelsea;Ramos;chelsea.ramos@gmail.com;+1 520 466 352;PRI
724;Austin;Cantrell;austin.cantrell@gmail.com;+1 029 392 665;PRI
725;Carol;Wilson;carol.wilson@gmail.com;+84 608 388 598;VNM
726;Jeffrey;Gomez;jeffrey.gomez@gmail.com;+591 486 307 087;BOL
727;Donna;Rodriguez;donna.rodriguez@gmail.com;+351 614 778 112;PRT
728;Stacy;Marshall;stacy.marshall@gmail.com;+63 682 312 179;PHL
729;Lauren;Thompson;lauren.thompson@gmail.com;+357 464 932 660;CYP
730;Kelly;Cox;kelly.cox@gmail.com;+386 610 794 822;SVN
731;Michael;Roberson;michael.roberson@gmail.com;+84 617 834 340;VNM
732;Jennifer;Reynolds;jennifer.reynolds@gmail.com;+374 403 933 707;ARM
733;Michelle;Hernandez;michelle.hernandez@gmail.com;+375 222 794 561;BLR
734;Margaret;Dalton;margaret.dalton@gmail.com;+1 323 504 947;BRB
735;Kaitlyn;Curry;kaitlyn.curry@gmail.com;+33 214 800 523;FRA
736;Michael;Thompson;michael.thompson@gmail.com;+354 211 943 941;ISL
737;Cody;Adams;cody.adams@gmail.com;+351 867 464 152;PRT
738;Sylvia;Wilson;sylvia.wilson@gmail.com;+351 058 809 638;PRT
739;Sharon;York;sharon.york@gmail.com;+233 036 036 602;GHA
740;Paul;Griffin;paul.griffin@gmail.com;+254 561 705 713;KEN
741;Robert;Ashley;robert.ashley@gmail.com;+351 821 171 093;PRT
742;Matthew;Fields;matthew.fields@gmail.com;+32 850 081 400;BEL
743;Sarah;Brown;sarah.brown@gmail.com;+351 544 187 281;PRT
744;William;Smith;william.smith@gmail.com;+420 926 817 551;CZE
745;Todd;Mccarthy;todd.mccarthy@gmail.com;+255 209 438 155;TZA
746;Carrie;Ray;carrie.ray@gmail.com;+357 943 691 867;CYP
747;Cynthia;Davis;cynthia.davis@gmail.com;+507 451 688 055;PAN
748;Patrick;Taylor;patrick.taylor@gmail.com;+351 909 556 673;PRT
749;Jessica;Bradford;jessica.bradford@gmail.com;+94 141 373 270;LKA
750;Jacob;Hayes;jacob.hayes@gmail.com;+351 231 487 541;PRT
751;Brittany;Hopkins;brittany.hopkins@gmail.com;+44 797 592 334;GBR
752;Eric;Howell;eric.howell@gmail.com;+376 827 116 248;AND
753;Jennifer;Watson;jennifer.watson@gmail.com;+995 606 065 692;GEO
754;Amy;Castillo;amy.castillo@gmail.com;+351 631 409 508;PRT
755;Danielle;Garcia;danielle.garcia@gmail.com;+389 522 581 174;MKD
756;Eric;Gilbert;eric.gilbert@gmail.com;+992 232 241 128;TJK
757;Christopher;Marshall;christopher.marshall@gmail.com;+86 758 084 787;CN
758;Jerry;Brown;jerry.brown@gmail.com;+371 728 793 564;LVA
759;Carla;Oliver;carla.oliver@gmail.com;+356 925 700 059;MLT
760;Ronnie;Morgan;ronnie.morgan@gmail.com;+421 315 131 950;SVK
761;James;Cannon;james.cannon@gmail.com;+382 071 242 895;MNE
762;Colin;Schneider;colin.schneider@gmail.com;+234 279 866 030;NGA
763;Hunter;Smith;hunter.smith@gmail.com;+230 860 020 812;MUS
764;Karen;Jenkins;karen.jenkins@gmail.com;+351 767 650 518;PRT
765;Allen;Mejia;allen.mejia@gmail.com;+351 681 513 565;PRT
766;David;Keith;david.keith@gmail.com;+254 733 481 286;KEN
767;Mason;Cannon;mason.cannon@gmail.com;+351 581 813 095;PRT
768;Joel;Taylor;joel.taylor@gmail.com;+90 442 996 427;TUR
769;Bryan;Hensley;bryan.hensley@gmail.com;+351 361 858 023;PRT
770;James;Walker;james.walker@gmail.com;+351 166 655 848;PRT
771;Carrie;Bailey MD;carrie.bailey md@gmail.com;+30 613 784 753;GRC
772;Denise;Weaver;denise.weaver@gmail.com;+351 519 823 586;PRT
773;Richard;Fisher;richard.fisher@gmail.com;+34 240 460 689;ESP
774;Teresa;Henderson;teresa.henderson@gmail.com;+225 777 320 924;CIV
775;Sara;Sanders;sara.sanders@gmail.com;+598 715 692 807;URY
776;Cindy;Hill;cindy.hill@gmail.com;+65 947 961 181;SGP
777;Lisa;Jordan;lisa.jordan@gmail.com;+351 254 025 141;PRT
778;Tyler;Young;tyler.young@gmail.com;+234 647 997 580;NGA
779;Victoria;Lynch;victoria.lynch@gmail.com;+352 038 255 791;LUX
780;Rhonda;Miller;rhonda.miller@gmail.com;+853 106 549 037;MAC
781;Derek;Rivera;derek.rivera@gmail.com;+351 317 335 176;PRT
782;Kathleen;Arroyo;kathleen.arroyo@gmail.com;+351 773 050 413;PRT
783;Dale;Stewart;dale.stewart@gmail.com;+853 960 884 431;MAC
784;Christopher;Young;christopher.young@gmail.com;+506 315 321 955;CRI
785;Randy;Benson;randy.benson@gmail.com;+90 098 412 124;TUR
786;Edward;Shaw;edward.shaw@gmail.com;+238 236 918 634;CPV
787;Micheal;Smith;micheal.smith@gmail.com;+351 558 687 144;PRT
788;Bobby;Young;bobby.young@gmail.com;+43 241 395 736;AUT
789;Kiara;Baker;kiara.baker@gmail.com;+359 471 513 236;BGR
790;Ms.;Kim Carroll PhD;ms..kim carroll phd@gmail.com;+63 122 877 562;PHL
791;Karen;Chung;karen.chung@gmail.com;+420 401 598 850;CZE
792;Samantha;Phillips;samantha.phillips@gmail.com;+964 973 062 316;IRQ
793;Jared;James;jared.james@gmail.com;+62 058 949 734;IDN
794;Jessica;Rogers;jessica.rogers@gmail.com;+960 094 223 626;MDV
795;Dean;Reilly;dean.reilly@gmail.com;+55 906 038 065;BRA
796;Kara;Ward;kara.ward@gmail.com;+964 219 044 380;IRQ
797;Amber;Golden;amber.golden@gmail.com;+238 977 205 091;CPV
798;Lisa;Choi;lisa.choi@gmail.com;+351 078 722 716;PRT
799;Henry;Mccarthy;henry.mccarthy@gmail.com;+228 603 476 665;TGO
800;Catherine;Flores;catherine.flores@gmail.com;+230 251 083 390;MUS
801;Amanda;Berry DDS;amanda.berry dds@gmail.com;+263 274 083 807;ZWE
802;James;Stewart;james.stewart@gmail.com;+47 406 081 376;NOR
803;Katie;Price;katie.price@gmail.com;+62 232 211 371;IDN
804;John;Fields;john.fields@gmail.com;+1 041 726 534;JAM
805;Lisa;Gomez;lisa.gomez@gmail.com;+968 140 117 240;OMN
806;Evelyn;Walker;evelyn.walker@gmail.com;+359 274 514 317;BGR
807;Shannon;Huerta;shannon.huerta@gmail.com;+351 620 666 903;PRT
808;Ashley;Nichols;ashley.nichols@gmail.com;+351 713 203 679;PRT
809;George;Gaines II;george.gaines ii@gmail.com;+380 630 650 195;UKR
810;Sonya;Snyder;sonya.snyder@gmail.com;+387 153 685 563;BIH
811;Angelica;Luna;angelica.luna@gmail.com;+54 911 528 992;ARG
812;Marc;Evans;marc.evans@gmail.com;+880 089 359 114;BGD
813;Steven;Evans;steven.evans@gmail.com;+48 512 091 178;POL
814;Trevor;Porter;trevor.porter@gmail.com;+213 398 752 886;DZA
815;Glenn;Murphy;glenn.murphy@gmail.com;+1 457 526 991;BRB
816;Scott;Edwards;scott.edwards@gmail.com;+351 530 617 188;PRT
817;Zachary;Barron;zachary.barron@gmail.com;+351 363 123 025;PRT
818;Scott;Smith;scott.smith@gmail.com;+597 562 091 554;SUR
819;Jessica;Wilson;jessica.wilson@gmail.com;+58 404 677 565;VEN
820;George;Smith;george.smith@gmail.com;+853 780 602 952;MAC
821;James;Bates;james.bates@gmail.com;+61 000 378 998;AUS
822;Anna;Evans MD;anna.evans md@gmail.com;+374 744 056 337;ARM
823;Sabrina;Torres;sabrina.torres@gmail.com;+225 071 430 468;CIV
824;Laura;Price;laura.price@gmail.com;+58 083 491 011;VEN
825;Danielle;Cervantes;danielle.cervantes@gmail.com;+236 986 559 399;CAF
826;Karen;Lopez;karen.lopez@gmail.com;+353 280 521 104;IRL
827;John;Adams;john.adams@gmail.com;+389 377 348 542;MKD
828;Andrew;Brown;andrew.brown@gmail.com;+974 274 823 824;QAT
829;Kristen;Chaney;kristen.chaney@gmail.com;+351 917 170 585;PRT
830;Rose;Garcia;rose.garcia@gmail.com;+380 155 327 529;UKR
831;Brandy;Joyce;brandy.joyce@gmail.com;+351 669 641 005;PRT
832;Adrian;Costa;adrian.costa@gmail.com;+32 683 979 933;BEL
833;Briana;Perez;briana.perez@gmail.com;+852 066 831 815;HKG
834;Sandra;Snyder;sandra.snyder@gmail.com;+244 938 612 430;AGO
835;Darren;Gray;darren.gray@gmail.com;+351 465 098 869;PRT
836;Brandon;Franklin;brandon.franklin@gmail.com;+358 250 896 184;FIN
837;Shawna;Medina;shawna.medina@gmail.com;+56 430 507 143;CHL
838;Andrew;Brown;andrew.brown_24@gmail.com;+351 407 367 775;PRT
839;Victoria;Johnson;victoria.johnson@gmail.com;+351 351 541 352;PRT
840;Edgar;Bennett;edgar.bennett@gmail.com;+33 530 643 012;FRA
841;Jessica;Coleman;jessica.coleman@gmail.com;+47 337 384 241;NOR
842;Madeline;Fisher;madeline.fisher@gmail.com;+358 311 867 019;FIN
843;Hannah;Morgan;hannah.morgan@gmail.com;+56 822 216 460;CHL
844;David;Nash;david.nash@gmail.com;+64 272 382 921;NZL
845;Brian;Kelly;brian.kelly@gmail.com;+351 726 487 072;PRT
846;Yolanda;Rose;yolanda.rose@gmail.com;+41 935 772 216;CHE
847;Megan;Jones;megan.jones@gmail.com;+351 852 648 429;PRT
848;Patrick;Carter;patrick.carter@gmail.com;+852 686 666 994;HKG
849;John;Tanner;john.tanner@gmail.com;+974 325 862 260;QAT
850;Stacy;Sanchez;stacy.sanchez@gmail.com;+54 159 345 323;ARG
851;Matthew;Cook;matthew.cook@gmail.com;+54 845 674 236;ARG
852;Tiffany;Wilson;tiffany.wilson@gmail.com;+371 929 179 919;LVA
853;Ann;Swanson;ann.swanson@gmail.com;+45 441 835 205;DNK
854;Connie;Scott;connie.scott@gmail.com;+27 624 468 414;ZAF
855;Bryan;Taylor;bryan.taylor@gmail.com;+51 958 442 670;PER
856;Michael;Rocha;michael.rocha@gmail.com;+54 251 446 653;ARG
857;Rodney;Price;rodney.price@gmail.com;+351 919 061 329;PRT
858;Randy;Cross;randy.cross@gmail.com;+356 511 728 168;MLT
859;Amber;Hale;amber.hale@gmail.com;+351 628 163 974;PRT
860;Kyle;Raymond;kyle.raymond@gmail.com;+370 422 540 629;LTU
861;Julie;Carlson;julie.carlson@gmail.com;+49 522 041 006;DEU
862;Kimberly;Weber;kimberly.weber@gmail.com;+221 144 289 686;SEN
863;Lori;Olson;lori.olson@gmail.com;+241 534 047 757;GAB
864;Blake;Landry;blake.landry@gmail.com;+389 135 209 785;MKD
865;William;Moyer;william.moyer@gmail.com;+43 605 183 890;AUT
866;Shelby;Bond;shelby.bond@gmail.com;+1 085 362 649;DOM
867;Laura;Flores;laura.flores@gmail.com;+20 715 548 457;EGY
868;Jonathan;Smith;jonathan.smith@gmail.com;+420 059 101 251;CZE
869;Charles;Davis;charles.davis@gmail.com;+245 690 856 041;GNB
870;Jacqueline;Harris;jacqueline.harris@gmail.com;+372 815 008 481;EST
871;Sheila;Barker;sheila.barker@gmail.com;+351 544 882 760;PRT
872;Mary;Rubio;mary.rubio@gmail.com;+237 236 701 789;CMR
873;Candice;Brown;candice.brown@gmail.com;+356 391 079 520;MLT
874;Julie;Tate;julie.tate@gmail.com;+972 611 219 060;ISR
875;Michelle;Foster;michelle.foster@gmail.com;+39 355 040 745;ITA
876;Tiffany;Howard;tiffany.howard@gmail.com;+351 985 866 823;PRT
877;Samantha;Evans;samantha.evans@gmail.com;+245 492 003 587;GNB
878;Kristin;Houston;kristin.houston@gmail.com;+84 076 859 860;VNM
879;Christine;Hancock;christine.hancock@gmail.com;+357 836 792 342;CYP
880;Angela;Castillo;angela.castillo@gmail.com;+90 604 132 146;TUR
881;Stacy;Malone;stacy.malone@gmail.com;+994 942 012 835;AZE
882;Lisa;Bush;lisa.bush@gmail.com;+961 557 197 514;LBN
883;Laura;Bush;laura.bush@gmail.com;+92 251 857 409;PAK
884;Dana;Garcia;dana.garcia@gmail.com;+351 893 651 079;PRT
885;Angela;Arnold;angela.arnold@gmail.com;+20 090 548 328;EGY
886;Bobby;Nunez;bobby.nunez@gmail.com;+968 669 313 059;OMN
887;Bobby;Kennedy;bobby.kennedy@gmail.com;+856 468 131 569;LAO
888;Angela;Villarreal;angela.villarreal@gmail.com;+351 910 365 313;PRT
889;Tyler;Jenkins;tyler.jenkins@gmail.com;+254 320 944 668;KEN
890;Courtney;Ford;courtney.ford@gmail.com;+966 320 071 620;SAU
891;Heather;Cowan;heather.cowan@gmail.com;+41 770 379 013;CHE
892;Brian;Barron;brian.barron@gmail.com;+212 822 081 891;MAR
893;Sean;Dyer;sean.dyer@gmail.com;+81 480 458 875;JPN
894;Ronald;Peters;ronald.peters@gmail.com;+51 613 725 526;PER
895;Paige;Perez;paige.perez@gmail.com;+94 264 781 807;LKA
896;Michelle;Myers;michelle.myers@gmail.com;+371 742 099 244;LVA
897;Jeremy;Jackson Jr.;jeremy.jackson@gmail.com;+972 064 579 301;ISR
898;Mary;Donaldson;mary.donaldson@gmail.com;+262 715 454 895;MYT
899;Roger;Lucas;roger.lucas@gmail.com;+51 167 866 887;PER
900;Mary;Stewart;mary.stewart@gmail.com;+351 350 011 904;PRT
901;Nancy;Underwood;nancy.underwood@gmail.com;+60 003 947 439;MYS
902;John;Goodwin;john.goodwin@gmail.com;+44 243 832 023;GBR
903;Aaron;Turner;aaron.turner@gmail.com;+230 899 994 028;MUS
904;Mary;Patton;mary.patton@gmail.com;+350 690 628 431;GIB
905;Anna;Mann;anna.mann@gmail.com;+350 562 738 528;GIB
906;Sabrina;Smith;sabrina.smith@gmail.com;+82 234 681 533;KOR
907;Gary;Sexton;gary.sexton@gmail.com;+221 539 353 693;SEN
908;Beverly;Johnson;beverly.johnson@gmail.com;+351 045 209 187;PRT
909;Jessica;Gillespie;jessica.gillespie@gmail.com;+382 939 092 841;MNE
910;Christine;Johnson;christine.johnson@gmail.com;+216 494 112 464;TUN
911;Kara;Hicks;kara.hicks@gmail.com;+30 226 142 237;GRC
912;Sarah;Rodriguez;sarah.rodriguez@gmail.com;+351 519 756 516;PRT
913;Jason;Hill;jason.hill@gmail.com;+86 130 147 860;CN
914;Jean;Jordan;jean.jordan@gmail.com;+30 392 975 866;GRC
915;Cynthia;Young;cynthia.young@gmail.com;+94 956 579 707;LKA
916;Ashley;Walker;ashley.walker@gmail.com;+92 700 476 516;PAK
917;Samantha;Porter;samantha.porter@gmail.com;+230 660 091 764;MUS
918;Warren;Ford;warren.ford@gmail.com;+237 739 697 231;CMR
919;Julie;Wallace;julie.wallace@gmail.com;+56 623 334 115;CHL
920;Steven;Burgess;steven.burgess@gmail.com;+995 509 142 474;GEO
921;Anthony;Shields;anthony.shields@gmail.com;+994 603 758 081;AZE
922;William;Mckay;william.mckay@gmail.com;+351 387 332 549;PRT
923;Lisa;Carter;lisa.carter@gmail.com;+966 608 616 619;SAU
924;Daniel;Rivera;daniel.rivera@gmail.com;+61 710 020 023;AUS
925;Larry;Castillo;larry.castillo@gmail.com;+420 520 971 816;CZE
926;Kristen;Barr;kristen.barr@gmail.com;+853 164 097 463;MAC
927;Robert;Adams;robert.adams@gmail.com;+960 440 457 684;MDV
928;Maria;Anderson;maria.anderson@gmail.com;+389 447 810 004;MKD
929;Philip;Randall;philip.randall@gmail.com;+351 716 657 464;PRT
930;Theresa;Carter MD;theresa.carter md@gmail.com;+86 571 027 999;CN
931;Shannon;Stephens;shannon.stephens@gmail.com;+1 952 847 386;USA
932;Paul;Richardson;paul.richardson@gmail.com;+234 668 272 821;NGA
933;Sarah;Lewis;sarah.lewis@gmail.com;+27 381 408 037;ZAF
934;Kyle;Alexander;kyle.alexander@gmail.com;+225 561 778 241;CIV
935;Nicole;Little;nicole.little@gmail.com;+34 516 814 103;ESP
936;Rachel;Schneider;rachel.schneider@gmail.com;+20 616 711 142;EGY
937;John;Turner;john.turner@gmail.com;+351 954 382 454;PRT
938;Katrina;Lopez;katrina.lopez@gmail.com;+52 173 313 159;MEX
939;Melissa;Lloyd;melissa.lloyd@gmail.com;+351 488 908 111;PRT
940;James;Miller;j.miller@gmail.com;+7 394 814 680;KAZ
941;Michael;Davidson;michael.davidson@gmail.com;+351 449 833 975;PRT
942;Anthony;Sims;anthony.sims@gmail.com;+32 834 566 578;BEL
943;Katherine;Fischer;katherine.fischer@gmail.com;+86 272 399 980;CHN
944;Christopher;Bryant;christopher.bryant@gmail.com;+236 105 271 912;CAF
945;Marie;Gallegos;marie.gallegos@gmail.com;+351 620 815 357;PRT
946;Mark;Boyd;mark.boyd@gmail.com;+234 839 058 053;NGA
947;Michael;Nelson;michael.nelson@gmail.com;+39 531 288 067;ITA
948;Tracey;Smith;tracey.smith@gmail.com;+55 221 635 330;BRA
949;Dana;Oneill;dana.oneill@gmail.com;+212 425 852 131;MAR
950;Christine;White;christine.white@gmail.com;+382 915 743 525;MNE
951;Vanessa;Murray;vanessa.murray@gmail.com;+351 581 190 848;PRT
952;Pamela;Eaton;pamela.eaton@gmail.com;+351 357 288 255;PRT
953;Sarah;Graham;sarah.graham@gmail.com;+66 575 624 260;THA
954;Travis;Jefferson;travis.jefferson@gmail.com;+357 514 974 613;CYP
955;Shaun;Gonzales;shaun.gonzales@gmail.com;+351 765 906 079;PRT
956;Jacob;Smith;jacob.smith@gmail.com;+254 819 281 769;KEN
957;Erik;Gutierrez;erik.gutierrez@gmail.com;+351 988 799 909;PRT
958;Angela;Bruce;angela.bruce@gmail.com;+371 075 136 984;LVA
959;Gregory;Howard;gregory.howard@gmail.com;+964 470 137 000;IRQ
960;Kenneth;Pace;kenneth.pace@gmail.com;+45 436 370 715;DNK
961;Brooke;Henderson;brooke.henderson@gmail.com;+359 644 893 042;BGR
962;David;Rogers;david.rogers@gmail.com;+43 006 286 416;AUT
963;Douglas;King;douglas.king@gmail.com;+964 285 926 624;IRQ
964;Michael;Johnson;m.johnson@gmail.com;+507 245 877 836;PAN
965;Lance;Hernandez;lance.hernandez@gmail.com;+351 498 181 774;PRT
966;Jennifer;Espinoza;jennifer.espinoza@gmail.com;+963 089 884 037;SYR
967;Leslie;Walker;leslie.walker@gmail.com;+598 560 740 020;URY
968;Kayla;Burke;kayla.burke@gmail.com;+351 798 924 440;PRT
969;Peter;Buck;peter.buck@gmail.com;+351 618 051 434;PRT
970;William;Burton;william.burton@gmail.com;+420 064 167 874;CZE
971;Matthew;Martinez;matthew.martinez@gmail.com;+92 203 240 936;PAK
972;Jennifer;Moore;jennifer.moore@gmail.com;+237 895 854 030;CMR
973;Sherri;Dunn;sherri.dunn@gmail.com;+32 646 123 798;BEL
974;Andrew;Mann;andrew.mann@gmail.com;+354 595 642 640;ISL
975;Phillip;Pugh;phillip.pugh@gmail.com;+351 941 167 278;PRT
976;Kenneth;Peters;kenneth.peters@gmail.com;+672 686 657 251;ATA
977;Daniel;Weiss;daniel.weiss@gmail.com;+595 879 593 769;PRY
978;Ricky;Diaz;ricky.diaz@gmail.com;+351 965 796 889;PRT
979;Jeff;Hensley;jeff.hensley@gmail.com;+36 060 913 255;HUN
980;Jesse;Kidd;jesse.kidd@gmail.com;+351 789 146 102;PRT
981;Christina;Black;christina.black@gmail.com;+60 253 270 764;MYS
982;Destiny;Mercer;destiny.mercer@gmail.com;+351 503 032 243;PRT
983;Donna;Allen;donna.allen@gmail.com;+961 530 789 827;LBN
984;Christina;Willis;christina.willis@gmail.com;+36 369 409 834;HUN
985;Philip;Richardson;philip.richardson@gmail.com;+351 874 878 298;PRT
986;Shawn;Powell;shawn.powell@gmail.com;+351 847 718 301;PRT
987;Tanner;Cannon;tanner.cannon@gmail.com;+597 254 199 657;SUR
988;Mary;Cherry;mary.cherry@gmail.com;+255 507 408 827;TZA
989;Karen;Martin;karen.martin@gmail.com;+1 559 349 780;JAM
990;Kayla;Alvarado;kayla.alvarado@gmail.com;+381 702 309 105;SRB
991;Matthew;Rogers;matthew.rogers@gmail.com;+351 359 504 533;PRT
992;Rachel;Dorsey;rachel.dorsey@gmail.com;+973 738 260 004;BHR
993;Jessica;Ford;jessica.ford@gmail.com;+351 504 090 217;PRT
994;Jerry;Miller;jerry.miller@gmail.com;+389 748 269 591;MKD
995;Patrick;Sherman;patrick.sherman@gmail.com;+218 008 586 560;LBY
996;Daryl;Brown;daryl.brown@gmail.com;+218 134 193 877;LBY
997;Victor;Johnson;victor.johnson@gmail.com;+62 682 528 812;IDN
998;Phillip;Blanchard;phillip.blanchard@gmail.com;+82 375 682 499;KOR
999;Samuel;Mcfarland;samuel.mcfarland@gmail.com;+236 058 935 751;CAF
1000;Beth;Shaw;beth.shaw@gmail.com;+81 816 379 333;JPN
1001;Bradley;Morgan;bradley.morgan@gmail.com;+351 158 533 366;PRT
1002;Dawn;Delgado;dawn.delgado@gmail.com;+1 899 385 454;BRB
1003;Danielle;Vega;danielle.vega@gmail.com;+350 367 179 804;GIB
1004;Kiara;Blair;kiara.blair@gmail.com;+218 893 879 375;LBY
1005;Nancy;Burke;nancy.burke@gmail.com;+94 684 060 043;LKA
1006;Carla;Baird;carla.baird@gmail.com;+57 401 411 119;COL
1007;Brooke;Fritz;brooke.fritz@gmail.com;+962 489 564 087;JOR
